id,first_name,last_name,Country,State,gender,Age,Vehicle_Type,Longitude,Latitude
1,Ferrell,Franssen,United States,Minnesota,M,59,Infiniti,-93.7665,44.8055
2,Duffy,Castel,United States,Minnesota,M,45,Isuzu,-92.9391,45.071
3,Melvyn,Verlander,United States,Minnesota,M,32,Land Rover,-94.5933,45.5289
4,Tiffie,Walkden,United States,Minnesota,F,55,Nissan,-93.1981,44.968
5,Chance,Barrack,United States,Minnesota,M,22,Saturn,-93.4719,45.0159
6,Trudie,Hamer,United States,Minnesota,F,49,Chevrolet,-93.302,45.0242
7,Mata,Proger,United States,Minnesota,M,48,Mercury,-93.1981,44.968
8,Boone,Van Oord,United States,Minnesota,M,49,Pontiac,-93.1059,45.0059
9,Giulia,Kinglake,United States,Minnesota,F,20,Audi,-93.2361,44.9054
10,Alexandra,Lengthorn,United States,Minnesota,F,53,Chevrolet,-93.4719,45.0159
11,Stephannie,Thrower,United States,Minnesota,F,59,Saab,-93.4719,45.0159
12,Hall,Bodycombe,United States,Minnesota,M,56,Ford,-93.4719,45.0159
13,Ransom,Dower,United States,Minnesota,M,28,Ford,-94.5933,45.5289
14,Kaleena,Savary,United States,Minnesota,F,47,Ford,-93.0875,45.0803
15,Francoise,Angelo,United States,Minnesota,F,49,Subaru,-93.1216,44.9608
16,Kenn,Olennikov,United States,Minnesota,M,21,Volvo,-93.1059,45.0059
17,Chaddie,Palser,United States,Minnesota,M,35,Mazda,-93.8881,45.2009
18,Prentice,Dorr,United States,Minnesota,M,18,GMC,-93.0828,44.9427
19,Gerik,Masselin,United States,Minnesota,M,44,Audi,-92.0946,46.7987
20,Ahmed,Percy,United States,Minnesota,M,39,Chevrolet,-93.8881,45.2009
21,Clarissa,Chiene,United States,Minnesota,F,18,Ford,-93.2553,44.8756
22,Miner,Le Franc,United States,Minnesota,M,53,Ford,-93.1771,44.9806
23,Daffy,Saddington,United States,Minnesota,F,37,Mazda,-93.2759,44.9762
24,Kathi,Okie,United States,Minnesota,F,32,Toyota,-93.1059,45.0059
25,Ketty,Mesnard,United States,Minnesota,F,46,Isuzu,-93.2545,44.9378
26,Berty,Baylie,United States,Minnesota,M,37,Rolls-Royce,-93.3811,45.0632
27,Lucius,Roughan,United States,Minnesota,M,49,Lamborghini,-93.4719,45.0159
28,Truda,Cisec,United States,Minnesota,F,55,Lincoln,-92.9391,45.071
29,Malva,Claque,United States,Minnesota,F,59,Geo,-93.1216,44.9608
30,Penelopa,Medcalfe,United States,Minnesota,F,28,Pontiac,-93.4719,45.0159
31,Phillip,Lombardo,United States,Minnesota,M,52,Volkswagen,-93.8881,45.2009
32,Marissa,Costall,United States,Minnesota,F,41,Mercedes-Benz,-93.7665,44.8055
33,Esther,Mosen,United States,Minnesota,F,46,GMC,-93.4719,45.0159
34,Federico,Hubach,United States,Minnesota,M,36,Buick,-93.1059,45.0059
35,Aleece,Grubb,United States,Minnesota,F,35,Subaru,-93.1059,45.0059
36,Bent,Vassie,United States,Minnesota,M,48,Mercedes-Benz,-93.1981,44.968
37,Margarette,Marwick,United States,Minnesota,F,58,Isuzu,-94.5933,45.5289
38,James,Skrines,United States,Minnesota,M,45,Mitsubishi,-93.4719,45.0159
39,Carey,Bees,United States,Minnesota,M,37,Audi,-93.0875,45.0803
40,Wyndham,Devil,United States,Minnesota,M,39,Pontiac,-93.4719,45.0159
41,Neddie,MacBean,United States,Minnesota,M,47,Isuzu,-92.0946,46.7987
42,Reuben,Muirden,United States,Minnesota,M,20,Lamborghini,-93.302,45.0242
43,Shandra,Tipperton,United States,Minnesota,F,39,Mercury,-93.4865,45.04
44,Katha,Kirdsch,United States,Minnesota,F,28,Toyota,-93.4719,45.0159
45,Sallyann,Trunchion,United States,Minnesota,F,20,Eagle,-93.4719,45.0159
46,Mair,Mawson,United States,Minnesota,F,33,Pontiac,-93.2361,44.9054
47,Nevil,Dunstan,United States,Minnesota,M,46,Saab,-93.8881,45.2009
48,Courtenay,Delacote,United States,Minnesota,F,49,Ford,-93.374,44.9034
49,Orsa,Stubbes,United States,Minnesota,F,23,Chevrolet,-93.374,44.9034
50,Newton,McAree,United States,Minnesota,M,24,Honda,-93.8881,45.2009
51,Rea,Killingbeck,United States,Minnesota,F,33,Mercedes-Benz,-93.3021,45.1907
52,Zed,Penas,United States,Minnesota,M,18,Toyota,-93.4719,45.0159
53,Aarika,Alphonso,United States,Minnesota,F,49,Honda,-93.4719,45.0159
54,Lucy,Kelston,United States,Minnesota,F,47,Chevrolet,-93.302,45.0242
55,Darla,Yuryichev,United States,Minnesota,F,54,Mitsubishi,-92.4668,44.0225
56,Talya,Reidie,United States,Minnesota,F,30,Dodge,-93.4719,45.0159
57,Rosalinde,Massimo,United States,Minnesota,F,39,Dodge,-93.2545,44.9378
58,Auberta,Povah,United States,Minnesota,F,32,Volkswagen,-93.7665,44.8055
59,Brodie,Barnett,United States,Minnesota,M,34,Bentley,-92.4668,44.0225
60,Sophronia,Shobrook,United States,Minnesota,F,60,Porsche,-93.4719,45.0159
61,Lorilyn,Redington,United States,Minnesota,F,58,Hyundai,-93.7665,44.8055
62,Shannan,Krug,United States,Minnesota,M,31,GMC,-93.7665,44.8055
63,Gustavo,Rosenfelt,United States,Minnesota,M,39,MINI,-93.1981,44.968
64,Alissa,Yacobsohn,United States,Minnesota,F,23,Mitsubishi,-93.3811,45.0632
65,Flora,Stennard,United States,Minnesota,F,50,Volkswagen,-93.4719,45.0159
66,Abbie,Ivanchin,United States,Minnesota,F,59,Volkswagen,-93.4719,45.0159
67,Delmer,Duffell,United States,Minnesota,M,57,Ford,-93.8881,45.2009
68,Darcy,Dishmon,United States,Minnesota,M,49,Chevrolet,-93.4193,45.0058
69,Quinton,Staddom,United States,Minnesota,M,48,GMC,-93.4719,45.0159
70,Keefe,Spargo,United States,Minnesota,M,60,GMC,-93.1981,44.968
71,Cedric,Crone,United States,Minnesota,M,19,Dodge,-93.1771,44.9806
72,Maggy,Bastian,United States,Minnesota,F,20,Nissan,-93.4719,45.0159
73,Ingar,Basford,United States,Minnesota,M,60,Volkswagen,-93.4719,45.0159
74,Pammie,Blaik,United States,Minnesota,F,59,Ford,-92.0946,46.7987
75,Filmore,Omar,United States,Minnesota,M,45,Lincoln,-94.5933,45.5289
76,Andree,Rigg,United States,Minnesota,F,57,GMC,-93.7665,44.8055
77,Bella,Lander,United States,Minnesota,F,33,GMC,-93.302,45.0242
78,Corbett,Tuffell,United States,Minnesota,M,36,GMC,-93.8881,45.2009
79,Erin,Morris,United States,Minnesota,M,40,Hyundai,-93.7665,44.8055
80,Tripp,Meachem,United States,Minnesota,M,54,Ford,-93.7665,44.8055
81,Lyell,Limon,United States,Minnesota,M,44,Volvo,-93.4719,45.0159
82,Ron,Yardy,United States,Minnesota,M,18,Audi,-93.2759,44.9762
83,Rozamond,Ferrarotti,United States,Minnesota,F,26,Buick,-93.1981,44.968
84,Elroy,Spilsburie,United States,Minnesota,M,23,Honda,-93.0828,44.9427
85,Lilllie,Dodle,United States,Minnesota,F,37,Pontiac,-93.302,45.0242
86,Dusty,Domenicone,United States,Minnesota,F,49,Mercedes-Benz,-92.4668,44.0225
87,Barclay,Todhunter,United States,Minnesota,M,45,GMC,-93.1771,44.9806
88,Theodore,Bottjer,United States,Minnesota,M,41,Mitsubishi,-94.5933,45.5289
89,Boonie,Keast,United States,Minnesota,M,20,Chevrolet,-93.8881,45.2009
90,Hermie,Bath,United States,Minnesota,M,45,Jeep,-93.4719,45.0159
91,Rafferty,Raymen,United States,Minnesota,M,38,Mitsubishi,-93.4719,45.0159
92,Eli,Rehorek,United States,Minnesota,M,51,Chevrolet,-93.4193,45.0058
93,Jeffie,Janauschek,United States,Minnesota,M,38,Mazda,-93.1409,44.806
94,Maryl,Guiett,United States,Minnesota,F,27,Pontiac,-93.2361,44.9054
95,Margarita,Ornells,United States,Minnesota,F,56,Dodge,-93.7665,44.8055
96,Karla,Guyon,United States,Minnesota,F,51,Ford,-92.9391,45.071
97,Kelsey,Rainard,United States,Minnesota,F,53,Volkswagen,-93.1059,45.0059
98,Dita,Fanthom,United States,Minnesota,F,31,Cadillac,-93.1771,44.9806
99,Averil,Venneur,United States,Minnesota,F,46,Nissan,-93.374,44.9034
100,Adaline,Covet,United States,Minnesota,F,39,Mercury,-93.7665,44.8055
101,Jamaal,Glisenan,United States,Minnesota,M,55,Ford,-93.4719,45.0159
102,Rozella,Draycott,United States,Minnesota,F,44,Infiniti,-93.8881,45.2009
103,Carolyne,Fenelow,United States,Minnesota,F,37,Chrysler,-93.4719,45.0159
104,Henri,Cardenas,United States,Minnesota,M,57,Dodge,-93.1059,45.0059
105,Cordell,Szapiro,United States,Minnesota,M,37,Ford,-92.9391,45.071
106,Jenine,Coucha,United States,Minnesota,F,22,Ferrari,-93.4719,45.0159
107,Pepi,Grenshiels,United States,Minnesota,F,27,Dodge,-93.2553,44.8756
108,Catina,Gosker,United States,Minnesota,F,54,Buick,-93.7665,44.8055
109,Patrick,Stear,United States,Minnesota,M,24,Hyundai,-93.1216,44.9608
110,Kathryn,Thomsen,United States,Minnesota,F,52,Ford,-93.4193,45.0058
111,Raeann,Elderfield,United States,Minnesota,F,30,Mazda,-93.4719,45.0159
112,Michele,Weldrake,United States,Minnesota,M,28,Mazda,-94.5933,45.5289
113,Marie-ann,Lonie,United States,Minnesota,F,18,Toyota,-93.4719,45.0159
114,Evyn,Deas,United States,Minnesota,M,35,Buick,-93.8881,45.2009
115,Rana,Kobes,United States,Minnesota,F,28,Isuzu,-93.7665,44.8055
116,Othelia,Westmacott,United States,Minnesota,F,20,Chevrolet,-93.8881,45.2009
117,Antony,Shellshear,United States,Minnesota,M,48,BMW,-93.0828,44.9427
118,Link,Gonthard,United States,Minnesota,M,47,Chevrolet,-93.2759,44.9762
119,Nissy,Tennant,United States,Minnesota,F,52,Saturn,-93.1059,45.0059
120,Cori,Padfield,United States,Minnesota,F,52,Nissan,-94.5933,45.5289
121,Gonzales,Ungerechts,United States,Minnesota,M,49,Mazda,-93.4719,45.0159
122,Cornelia,Sturdey,United States,Minnesota,F,53,Kia,-93.1981,44.968
123,Maurise,Farrant,United States,Minnesota,F,54,GMC,-93.3021,45.1907
124,Mellicent,Bart,United States,Minnesota,F,18,BMW,-93.7665,44.8055
125,Minnaminnie,Reinhardt,United States,Minnesota,F,60,Audi,-93.0875,45.0803
126,Jenda,Burkart,United States,Minnesota,F,28,Ford,-93.0828,44.9427
127,Bernadine,Tedstone,United States,Minnesota,F,40,Chrysler,-94.5933,45.5289
128,Faustina,Hunnaball,United States,Minnesota,F,48,Volkswagen,-93.3811,45.0632
129,Serena,Danick,United States,Minnesota,F,25,Chevrolet,-93.1771,44.9806
130,Tommie,Waye,United States,Minnesota,F,34,Acura,-93.4719,45.0159
131,Godfree,Faraday,United States,Minnesota,M,47,Chevrolet,-93.4719,45.0159
132,Ketty,Stallworthy,United States,Minnesota,F,23,Mercedes-Benz,-93.2545,44.9378
133,Randie,Seczyk,United States,Minnesota,F,48,Ford,-92.0946,46.7987
134,Rouvin,Kinastan,United States,Minnesota,M,45,Suzuki,-93.1771,44.9806
135,Adelind,Bonas,United States,Minnesota,F,37,Lotus,-93.1216,44.9608
136,Morten,Amesbury,United States,Minnesota,M,32,Mitsubishi,-93.8881,45.2009
137,Tammie,Greste,United States,Minnesota,M,38,Chevrolet,-93.8881,45.2009
138,Toinette,Jeffcoat,United States,Minnesota,F,38,Chevrolet,-93.302,45.0242
139,Barney,Geale,United States,Minnesota,M,18,Suzuki,-93.3021,45.1907
140,Shirl,Poulter,United States,Minnesota,F,59,Mazda,-93.1059,45.0059
141,Dara,Giraldez,United States,Minnesota,F,24,Chrysler,-94.5933,45.5289
142,Malory,Pantry,United States,Minnesota,F,48,Mitsubishi,-93.1409,44.806
143,Christoper,Fletham,United States,Minnesota,M,28,Chevrolet,-93.1409,44.806
144,Orv,Othick,United States,Minnesota,M,47,Chevrolet,-93.3811,45.0632
145,Niels,Rabidge,United States,Minnesota,M,20,Buick,-93.4193,45.0058
146,Adelina,Baldree,United States,Minnesota,F,50,Mercedes-Benz,-93.3811,45.0632
147,Karee,Shurlock,United States,Minnesota,F,20,Ford,-93.1409,44.806
148,Ernst,Hastie,United States,Minnesota,M,50,Nissan,-93.4719,45.0159
149,Vidovic,Waller,United States,Minnesota,M,22,Suzuki,-94.5933,45.5289
150,Silvio,Silwood,United States,Minnesota,M,32,Volkswagen,-93.4719,45.0159
151,Jennine,Uridge,United States,Minnesota,F,44,Mercedes-Benz,-93.4719,45.0159
152,Franzen,Batthew,United States,Minnesota,M,47,Volvo,-93.374,44.9034
153,Nomi,McKyrrelly,United States,Minnesota,F,58,Suzuki,-93.0828,44.9427
154,Garrott,Britian,United States,Minnesota,M,25,Pontiac,-93.4193,45.0058
155,Penny,Spelwood,United States,Minnesota,F,43,GMC,-94.5933,45.5289
156,Harley,Denson,United States,Minnesota,M,44,Subaru,-93.3021,45.1907
157,Fitzgerald,Venmore,United States,Minnesota,M,26,Volvo,-93.1771,44.9806
158,Stanislaus,Hudson,United States,Minnesota,M,50,Plymouth,-92.9391,45.071
159,Hale,Acton,United States,Minnesota,M,49,Honda,-93.2553,44.8756
160,Jayme,Cakebread,United States,Minnesota,M,48,Mazda,-93.3021,45.1907
161,Ginelle,Karolovsky,United States,Minnesota,F,27,Hyundai,-93.2759,44.9762
162,Sylvester,Gopsill,United States,Minnesota,M,22,Mitsubishi,-93.3811,45.0632
163,Leighton,Murphy,United States,Minnesota,M,53,Subaru,-93.4719,45.0159
164,Hyacinthie,Hendrichs,United States,Minnesota,F,26,Ford,-93.8881,45.2009
165,Alecia,Ianniello,United States,Minnesota,F,52,Kia,-92.9391,45.071
166,Hedvig,Kefford,United States,Minnesota,F,58,Mercedes-Benz,-93.0875,45.0803
167,Annabel,Craig,United States,Minnesota,F,30,Lexus,-93.4719,45.0159
168,Dori,Stemp,United States,Minnesota,F,23,Nissan,-93.8881,45.2009
169,Jourdain,Guilliatt,United States,Minnesota,M,36,Buick,-93.1409,44.806
170,Nadeen,Gavrielli,United States,Minnesota,F,31,Subaru,-93.2759,44.9762
171,Si,Magovern,United States,Minnesota,M,24,Ford,-93.1771,44.9806
172,Brena,Merveille,United States,Minnesota,F,19,MINI,-93.4719,45.0159
173,Eddie,Tetlow,United States,Minnesota,F,29,Toyota,-92.1998,46.8147
174,Caspar,Pyrah,United States,Minnesota,M,58,Acura,-93.7665,44.8055
175,Mohandis,Moroney,United States,Minnesota,M,28,Chevrolet,-93.1059,45.0059
176,Heindrick,Glyn,United States,Minnesota,M,31,Land Rover,-93.2545,44.9378
177,Luigi,Seavers,United States,Minnesota,M,34,Mitsubishi,-93.8881,45.2009
178,Dillie,Kinker,United States,Minnesota,M,52,Pontiac,-93.3021,45.1907
179,Barnett,Beaby,United States,Minnesota,M,51,Buick,-92.0946,46.7987
180,Norene,Langsdon,United States,Minnesota,F,40,Suzuki,-93.7665,44.8055
181,Dianna,Bramich,United States,Minnesota,F,32,Rolls-Royce,-94.5933,45.5289
182,Karlis,Gibbin,United States,Minnesota,M,52,Pontiac,-93.4719,45.0159
183,Cleveland,Wilsee,United States,Minnesota,M,20,Mazda,-93.4193,45.0058
184,Homere,Maddison,United States,Minnesota,M,36,Buick,-93.2553,44.8756
185,Judah,Allmen,United States,Minnesota,M,47,Buick,-92.4668,44.0225
186,Brig,Stanyon,United States,Minnesota,M,60,Nissan,-93.0875,45.0803
187,Roz,Castle,United States,Minnesota,F,59,Mercury,-93.3811,45.0632
188,Darnall,Templeton,United States,Minnesota,M,51,Mitsubishi,-93.4865,45.04
189,Dorree,Kubek,United States,Minnesota,F,43,Volvo,-93.1059,45.0059
190,Georgette,Hadingham,United States,Minnesota,F,56,Jeep,-93.4719,45.0159
191,Sherwood,Skellern,United States,Minnesota,M,44,Mazda,-92.1998,46.8147
192,Willy,Essberger,United States,Minnesota,M,58,Jeep,-93.4719,45.0159
193,Davy,Penhaligon,United States,Minnesota,M,60,Nissan,-93.1409,44.806
194,Rockie,Noah,United States,Minnesota,M,33,GMC,-93.4193,45.0058
195,Jeremy,Isham,United States,Minnesota,M,41,Rolls-Royce,-93.0875,45.0803
196,Garrett,O'Corrigane,United States,Minnesota,M,31,Mazda,-93.8881,45.2009
197,Gage,Rugieri,United States,Minnesota,M,24,Dodge,-92.1998,46.8147
198,Licha,Saxelby,United States,Minnesota,F,57,Acura,-93.4719,45.0159
199,Margit,Vasiliev,United States,Minnesota,F,43,Scion,-93.1059,45.0059
200,Alister,Call,United States,Minnesota,M,59,GMC,-93.2553,44.8756
201,Tuckie,Dedmam,United States,Minnesota,M,45,Suzuki,-93.4719,45.0159
202,Seamus,Volke,United States,Minnesota,M,26,Buick,-93.8881,45.2009
203,Ulrica,Bineham,United States,Minnesota,F,48,Hyundai,-94.5933,45.5289
204,Lynea,Pinchback,United States,Minnesota,F,53,Lincoln,-93.2361,44.9054
205,Symon,Moorman,United States,Minnesota,M,44,Acura,-93.7665,44.8055
206,Odetta,Coarser,United States,Minnesota,F,39,Lotus,-93.302,45.0242
207,Shanna,Griffith,United States,Minnesota,F,57,Chevrolet,-93.4719,45.0159
208,Valenka,Chate,United States,Minnesota,F,23,Ferrari,-93.4719,45.0159
209,Evelyn,Twist,United States,Minnesota,M,25,Oldsmobile,-93.2545,44.9378
210,Aaron,Goodwell,United States,Minnesota,M,47,Pontiac,-93.7665,44.8055
211,Regen,Bidewel,United States,Minnesota,M,18,Lotus,-92.1998,46.8147
212,Reinhold,Frudd,United States,Minnesota,M,40,Volkswagen,-93.302,45.0242
213,Isidor,Biset,United States,Minnesota,M,31,Buick,-93.4193,45.0058
214,Donielle,Shapira,United States,Minnesota,F,18,Lotus,-93.4719,45.0159
215,Rochella,De La Haye,United States,Minnesota,F,25,Chevrolet,-93.1771,44.9806
216,Ruperta,Treslove,United States,Minnesota,F,49,Saturn,-93.2759,44.9762
217,Germaine,Eisikovitsh,United States,Minnesota,M,43,Audi,-93.3021,45.1907
218,Alma,Pharro,United States,Minnesota,F,21,Mitsubishi,-93.1059,45.0059
219,Dorry,Lafrentz,United States,Minnesota,F,36,Chevrolet,-93.2553,44.8756
220,Tommie,Drei,United States,Minnesota,M,45,Cadillac,-93.1981,44.968
221,Dwight,Hallen,United States,Minnesota,M,32,Nissan,-93.3021,45.1907
222,Valerie,Halkyard,United States,Minnesota,F,47,Ford,-93.4719,45.0159
223,Dulcine,Barneville,United States,Minnesota,F,39,Nissan,-94.5933,45.5289
224,Nelson,De Cruz,United States,Minnesota,M,57,Chevrolet,-93.0828,44.9427
225,Susanna,Coppo,United States,Minnesota,F,19,Mazda,-93.1409,44.806
226,Farrell,Earngy,United States,Minnesota,M,43,Chevrolet,-93.1216,44.9608
227,Jeth,Caplis,United States,Minnesota,M,33,Scion,-93.4719,45.0159
228,Laird,Schindler,United States,Minnesota,M,27,Ford,-93.1059,45.0059
229,Cecil,Borzoni,United States,Minnesota,F,50,Lincoln,-93.1059,45.0059
230,Juditha,Gon,United States,Minnesota,F,34,Pontiac,-93.1059,45.0059
231,Hephzibah,Wace,United States,Minnesota,F,32,Volvo,-93.0875,45.0803
232,Lev,Audritt,United States,Minnesota,M,50,Chevrolet,-93.1216,44.9608
233,Cristian,Mitchenson,United States,Minnesota,M,54,Infiniti,-93.0875,45.0803
234,Gail,Flintuff,United States,Minnesota,M,60,Lexus,-93.374,44.9034
235,Hermon,Menilove,United States,Minnesota,M,40,Chevrolet,-93.7665,44.8055
236,Prentiss,Heasly,United States,Minnesota,M,29,Acura,-93.2545,44.9378
237,Duke,Pyffe,United States,Minnesota,M,48,Mazda,-93.8881,45.2009
238,Chadwick,Byrne,United States,Minnesota,M,43,Hyundai,-93.4719,45.0159
239,Shepperd,Gulliver,United States,Minnesota,M,18,Lexus,-92.4668,44.0225
240,Caria,Dwire,United States,Minnesota,F,19,Toyota,-93.4719,45.0159
241,Tamarah,Courtenay,United States,Minnesota,F,38,BMW,-93.2361,44.9054
242,Sylvan,Crichmere,United States,Minnesota,M,45,Acura,-93.1771,44.9806
243,Scotti,Kmieciak,United States,Minnesota,M,26,Buick,-93.7665,44.8055
244,Dionis,Rodinger,United States,Minnesota,F,50,Chevrolet,-93.374,44.9034
245,Priscella,Nussey,United States,Minnesota,F,50,Lamborghini,-93.8881,45.2009
246,Cesar,Goslin,United States,Minnesota,M,59,GMC,-93.1059,45.0059
247,Nealon,Seligson,United States,Minnesota,M,49,Hyundai,-93.8881,45.2009
248,Teddi,Ebenezer,United States,Minnesota,F,22,Isuzu,-93.4719,45.0159
249,Brett,Peploe,United States,Minnesota,M,45,Ford,-93.3021,45.1907
250,Cherri,Wilshire,United States,Minnesota,F,45,Mitsubishi,-93.4719,45.0159
251,Langsdon,Unsworth,United States,Minnesota,M,52,Ford,-92.4668,44.0225
252,Jenn,Arch,United States,Minnesota,F,39,Infiniti,-93.4719,45.0159
253,Teri,Bachs,United States,Minnesota,F,43,Dodge,-93.1981,44.968
254,Coreen,Tann,United States,Minnesota,F,23,Toyota,-93.1771,44.9806
255,Fallon,Shotboult,United States,Minnesota,F,48,Toyota,-93.7665,44.8055
256,Casi,Milner,United States,Minnesota,F,46,BMW,-93.8881,45.2009
257,Hilary,Marlen,United States,Minnesota,M,27,Mercedes-Benz,-93.2759,44.9762
258,Fannie,O'Driscole,United States,Minnesota,F,26,Mazda,-93.1409,44.806
259,Arvy,Takis,United States,Minnesota,M,52,Infiniti,-93.2545,44.9378
260,Bessie,Conor,United States,Minnesota,F,44,Ford,-93.4719,45.0159
261,Patty,Riguard,United States,Minnesota,M,60,Honda,-92.9391,45.071
262,Mohammed,Chaney,United States,Minnesota,M,50,Volkswagen,-93.4719,45.0159
263,Thomasin,Dhillon,United States,Minnesota,F,39,Chevrolet,-93.4193,45.0058
264,Rex,Rivlin,United States,Minnesota,M,37,Volvo,-93.1409,44.806
265,Gertie,Strippling,United States,Minnesota,F,27,GMC,-93.4719,45.0159
266,Dagmar,Kimbley,United States,Minnesota,F,60,Nissan,-93.1059,45.0059
267,Oren,Fleet,United States,Minnesota,M,28,Acura,-93.8881,45.2009
268,Davon,Conrath,United States,Minnesota,M,34,Ford,-93.8881,45.2009
269,Clayton,Crampsy,United States,Minnesota,M,44,Acura,-93.3811,45.0632
270,Eddi,Hoxey,United States,Minnesota,F,23,Ford,-93.302,45.0242
271,Avigdor,McGeady,United States,Minnesota,M,25,Chevrolet,-93.1216,44.9608
272,Urson,Eddolls,United States,Minnesota,M,25,Hyundai,-93.4719,45.0159
273,Aurilia,Bimrose,United States,Minnesota,F,32,Isuzu,-93.1059,45.0059
274,Vito,Yockney,United States,Minnesota,M,52,Buick,-93.0875,45.0803
275,Dolf,McBlain,United States,Minnesota,M,24,Chevrolet,-93.8881,45.2009
276,Stephanie,Dalman,United States,Minnesota,F,40,Mitsubishi,-93.2553,44.8756
277,Inez,Aldritt,United States,Minnesota,F,59,Mazda,-92.0946,46.7987
278,Kaja,Jurczak,United States,Minnesota,F,50,Bentley,-93.4719,45.0159
279,Cos,Skechley,United States,Minnesota,M,49,Chevrolet,-93.4719,45.0159
280,Jephthah,Ickovicz,United States,Minnesota,M,23,Lincoln,-93.1059,45.0059
281,Derwin,Cossam,United States,Minnesota,M,44,Mazda,-93.4719,45.0159
282,Chane,Treasaden,United States,Minnesota,M,23,Toyota,-93.1059,45.0059
283,Hubie,Veronique,United States,Minnesota,M,33,Oldsmobile,-93.7665,44.8055
284,Richard,Frawley,United States,Minnesota,M,22,Pontiac,-93.4719,45.0159
285,Marena,Pougher,United States,Minnesota,F,36,Audi,-93.374,44.9034
286,Colas,Mayte,United States,Minnesota,M,19,Porsche,-93.1059,45.0059
287,Eduino,Barus,United States,Minnesota,M,33,Jeep,-93.2553,44.8756
288,Tyler,Crewdson,United States,Minnesota,M,41,Chrysler,-93.1059,45.0059
289,Dionis,Freer,United States,Minnesota,F,31,Chevrolet,-93.4719,45.0159
290,Jenica,Parkhouse,United States,Minnesota,F,29,Nissan,-93.1771,44.9806
291,Renee,Salmoni,United States,Minnesota,F,21,Chevrolet,-93.1059,45.0059
292,Dal,Southorn,United States,Minnesota,M,46,Honda,-93.4719,45.0159
293,Juan,Course,United States,Minnesota,M,40,GMC,-93.1059,45.0059
294,Isacco,Schroder,United States,Minnesota,M,54,Mercury,-93.0875,45.0803
295,Shayna,Wank,United States,Minnesota,F,34,BMW,-93.4719,45.0159
296,Lon,Ladd,United States,Minnesota,M,27,Toyota,-93.1059,45.0059
297,Keith,Derry,United States,Minnesota,M,21,Mitsubishi,-92.9391,45.071
298,Dyna,Mitie,United States,Minnesota,F,50,Land Rover,-93.7665,44.8055
299,Lotta,Presnall,United States,Minnesota,F,26,Lexus,-93.1216,44.9608
300,Rubie,Greeve,United States,Minnesota,F,56,Mazda,-93.1409,44.806
301,Dallas,Belcham,United States,Minnesota,M,58,Chevrolet,-93.4719,45.0159
302,Martie,Cabrer,United States,Minnesota,M,59,Volkswagen,-93.1059,45.0059
303,Dusty,McGinlay,United States,Minnesota,F,27,Ford,-94.5933,45.5289
304,Whitman,Bleacher,United States,Minnesota,M,53,Nissan,-93.7665,44.8055
305,Maressa,Wisker,United States,Minnesota,F,21,Nissan,-93.2553,44.8756
306,Laurie,Zupone,United States,Minnesota,M,19,Land Rover,-93.4865,45.04
307,Loretta,Arckoll,United States,Minnesota,F,45,BMW,-93.4719,45.0159
308,Farica,Locks,United States,Minnesota,F,53,Audi,-93.4719,45.0159
309,Armstrong,Hiseman,United States,Minnesota,M,42,Dodge,-93.302,45.0242
310,Laurella,Dangl,United States,Minnesota,F,50,Audi,-93.2545,44.9378
311,Dario,Longcake,United States,Minnesota,M,25,Chevrolet,-94.5933,45.5289
312,Andriette,Tutchener,United States,Minnesota,F,23,Ford,-93.7665,44.8055
313,Francisco,Allwood,United States,Minnesota,M,28,Ford,-93.2545,44.9378
314,Maribel,Rollitt,United States,Minnesota,F,34,Honda,-93.3021,45.1907
315,Alix,Longworthy,United States,Minnesota,M,23,Lamborghini,-93.8881,45.2009
316,Jaquelyn,Waugh,United States,Minnesota,F,59,Infiniti,-93.374,44.9034
317,Putnem,Burgwin,United States,Minnesota,M,29,Cadillac,-93.3021,45.1907
318,Kipper,Jahner,United States,Minnesota,M,22,Chevrolet,-93.1409,44.806
319,Francyne,Halburton,United States,Minnesota,F,46,Pontiac,-93.1059,45.0059
320,Sidonia,Digweed,United States,Minnesota,F,38,Toyota,-94.5933,45.5289
321,Miguel,Ivons,United States,Minnesota,M,40,BMW,-93.7665,44.8055
322,Alfi,Dwyer,United States,Minnesota,F,19,Porsche,-93.4719,45.0159
323,Ephrayim,Pauley,United States,Minnesota,M,44,Pontiac,-93.1771,44.9806
324,Joy,Sperry,United States,Minnesota,F,51,Mitsubishi,-93.0828,44.9427
325,Ruddie,Panchen,United States,Minnesota,M,18,Mazda,-93.4193,45.0058
326,Elspeth,Greenman,United States,Minnesota,F,23,Audi,-93.7665,44.8055
327,Gabie,Brugh,United States,Minnesota,M,32,Mitsubishi,-93.4719,45.0159
328,Conney,Durnford,United States,Minnesota,M,19,Ford,-93.2553,44.8756
329,Micheal,Silmon,United States,Minnesota,M,20,BMW,-93.4719,45.0159
330,Marten,Heintzsch,United States,Minnesota,M,18,Suzuki,-93.3811,45.0632
331,Barrie,Catterall,United States,Minnesota,F,59,Mitsubishi,-93.0828,44.9427
332,Quintin,Summerlie,United States,Minnesota,M,50,Chevrolet,-93.8881,45.2009
333,Zacharia,Casone,United States,Minnesota,M,25,Kia,-94.5933,45.5289
334,Viki,Wilflinger,United States,Minnesota,F,45,Pontiac,-93.4719,45.0159
335,Lucienne,Tigner,United States,Minnesota,F,50,Honda,-93.4193,45.0058
336,Sari,Hutton,United States,Minnesota,F,59,Jeep,-92.1998,46.8147
337,Garrik,Edgecumbe,United States,Minnesota,M,40,Jaguar,-93.4865,45.04
338,Zulema,Mille,United States,Minnesota,F,22,Chrysler,-93.4719,45.0159
339,Ilse,Renehan,United States,Minnesota,F,21,Plymouth,-93.8881,45.2009
340,Silvanus,Pellamonuten,United States,Minnesota,M,33,Mitsubishi,-93.4719,45.0159
341,Granville,McCaughen,United States,Minnesota,M,28,Honda,-93.1409,44.806
342,Johna,Veal,United States,Minnesota,F,51,Lexus,-93.1059,45.0059
343,Emmanuel,Redd,United States,Minnesota,M,24,Toyota,-93.4719,45.0159
344,Hatty,Menco,United States,Minnesota,F,29,Jeep,-93.1059,45.0059
345,Elly,Tregona,United States,Minnesota,F,22,Cadillac,-93.4719,45.0159
346,Kaine,Diaper,United States,Minnesota,M,50,Subaru,-93.7665,44.8055
347,Danica,Pounds,United States,Minnesota,F,50,Toyota,-93.1216,44.9608
348,Foss,Chivrall,United States,Minnesota,M,60,Infiniti,-93.4719,45.0159
349,Robbert,Gorries,United States,Minnesota,M,21,Chevrolet,-93.0875,45.0803
350,Morgen,Hatry,United States,Minnesota,M,27,Kia,-92.9391,45.071
351,Colas,Trevascus,United States,Minnesota,M,32,Ford,-93.1409,44.806
352,Haroun,Viles,United States,Minnesota,M,48,GMC,-93.0875,45.0803
353,Annmarie,Figin,United States,Minnesota,F,18,Mitsubishi,-93.1216,44.9608
354,Francesco,Drewson,United States,Minnesota,M,30,Hyundai,-93.1059,45.0059
355,Archibold,Rippon,United States,Minnesota,M,36,Mitsubishi,-93.4193,45.0058
356,Dorry,Tremberth,United States,Minnesota,F,31,Pontiac,-93.4719,45.0159
357,Woodrow,Carlyon,United States,Minnesota,M,60,Pontiac,-93.3021,45.1907
358,Inga,Coleiro,United States,Minnesota,F,35,Pontiac,-92.0946,46.7987
359,Kelly,Girodin,United States,Minnesota,M,28,Lexus,-93.4719,45.0159
360,Curr,Fishpoole,United States,Minnesota,M,18,Kia,-93.2545,44.9378
361,Kippie,Badder,United States,Minnesota,F,47,Chrysler,-93.7665,44.8055
362,Nathanil,Hazleton,United States,Minnesota,M,58,Mercury,-93.0875,45.0803
363,Aurea,Papaminas,United States,Minnesota,F,51,GMC,-92.9391,45.071
364,Gilburt,McCathay,United States,Minnesota,M,31,Infiniti,-94.5933,45.5289
365,Ingmar,Halegarth,United States,Minnesota,M,28,Suzuki,-93.7665,44.8055
366,Katuscha,Lindfors,United States,Minnesota,F,34,Chevrolet,-93.4719,45.0159
367,Marlie,Grimwood,United States,Minnesota,F,46,BMW,-93.1059,45.0059
368,Datha,Huckett,United States,Minnesota,F,31,Jaguar,-93.4719,45.0159
369,Cobby,Ventam,United States,Minnesota,M,45,Audi,-93.4865,45.04
370,Ursula,Darrington,United States,Minnesota,F,42,Mitsubishi,-93.2759,44.9762
371,Giovanni,Foddy,United States,Minnesota,M,43,Honda,-93.1059,45.0059
372,Haslett,Lathwell,United States,Minnesota,M,37,Chevrolet,-93.4719,45.0159
373,Pancho,Darkins,United States,Minnesota,M,31,Cadillac,-93.8881,45.2009
374,Cyrille,Fiennes,United States,Minnesota,M,59,Chevrolet,-93.7665,44.8055
375,Roselin,Myers,United States,Minnesota,F,26,Toyota,-93.1409,44.806
376,Melisandra,Shovelin,United States,Minnesota,F,20,Toyota,-93.4719,45.0159
377,Hurley,Espinha,United States,Minnesota,M,39,Buick,-93.4719,45.0159
378,Herschel,Stile,United States,Minnesota,M,18,Lexus,-93.0875,45.0803
379,Renaldo,Jeaffreson,United States,Minnesota,M,60,Holden,-93.0875,45.0803
380,Dickie,Clemoes,United States,Minnesota,M,33,BMW,-93.4719,45.0159
381,Fairlie,Fradgley,United States,Minnesota,M,36,BMW,-94.5933,45.5289
382,Sascha,Burras,United States,Minnesota,M,43,Toyota,-93.4719,45.0159
383,Dory,Leeburn,United States,Minnesota,F,22,Pontiac,-93.4719,45.0159
384,Ingamar,Wigmore,United States,Minnesota,M,31,Saturn,-93.2759,44.9762
385,Lark,Ximenez,United States,Minnesota,F,60,Saab,-93.1771,44.9806
386,Walt,Ormes,United States,Minnesota,M,49,Nissan,-93.4719,45.0159
387,Tadd,Garrad,United States,Minnesota,M,35,Lotus,-93.1059,45.0059
388,Addia,Plewman,United States,Minnesota,F,29,Audi,-93.8881,45.2009
389,Hanson,Branson,United States,Minnesota,M,57,Chevrolet,-93.302,45.0242
390,Virgil,Clemanceau,United States,Minnesota,M,48,Ram,-93.8881,45.2009
391,Roley,Rampage,United States,Minnesota,M,42,Jaguar,-93.4719,45.0159
392,Guinna,Noweak,United States,Minnesota,F,45,Buick,-93.1216,44.9608
393,Esme,Rubel,United States,Minnesota,M,53,GMC,-93.2759,44.9762
394,Tobie,Takis,United States,Minnesota,M,22,Pontiac,-93.7665,44.8055
395,Garwin,Gaffon,United States,Minnesota,M,52,Dodge,-93.2759,44.9762
396,Winny,Raraty,United States,Minnesota,F,51,Mazda,-93.4719,45.0159
397,Alix,Ord,United States,Minnesota,M,59,Chevrolet,-93.2545,44.9378
398,Raven,Kleinber,United States,Minnesota,F,44,Toyota,-93.4719,45.0159
399,Jorey,Gillcrist,United States,Minnesota,F,56,Mazda,-93.1771,44.9806
400,Nadean,Delacourt,United States,Minnesota,F,50,Ford,-93.302,45.0242
401,Dorotea,Chiswell,United States,Minnesota,F,27,Ford,-93.1981,44.968
402,Kevon,Quemby,United States,Minnesota,M,46,Smart,-93.8881,45.2009
403,Tybie,Mitro,United States,Minnesota,F,21,Hyundai,-93.2759,44.9762
404,Nathanil,Gobell,United States,Minnesota,M,44,Lexus,-93.4719,45.0159
405,Weider,Bentley,United States,Minnesota,M,33,Suzuki,-93.7665,44.8055
406,Kippie,Overal,United States,Minnesota,F,45,BMW,-93.8881,45.2009
407,Oby,Heinreich,United States,Minnesota,M,31,Bentley,-93.2759,44.9762
408,Rikki,Muddimer,United States,Minnesota,M,54,Porsche,-93.8881,45.2009
409,Zerk,Slad,United States,Minnesota,M,40,Land Rover,-93.2361,44.9054
410,Nial,Dedham,United States,Minnesota,M,46,Land Rover,-93.7665,44.8055
411,Josiah,Mingaud,United States,Minnesota,M,60,Land Rover,-93.1059,45.0059
412,Babbette,Rosenstiel,United States,Minnesota,F,19,Ford,-93.7665,44.8055
413,Shane,Ofener,United States,Minnesota,M,34,Pontiac,-92.9391,45.071
414,Byron,Chisholme,United States,Minnesota,M,52,Ford,-93.4719,45.0159
415,Wye,Dy,United States,Minnesota,M,24,Volkswagen,-93.374,44.9034
416,Anthea,McClenan,United States,Minnesota,F,24,Foose,-93.4719,45.0159
417,Christa,Niaves,United States,Minnesota,F,41,Mazda,-93.4719,45.0159
418,Lilly,Nisuis,United States,Minnesota,F,59,Chevrolet,-93.2545,44.9378
419,Arv,Moulding,United States,Minnesota,M,47,GMC,-93.4719,45.0159
420,Brenden,Bonifacio,United States,Minnesota,M,28,Mercury,-93.4719,45.0159
421,Heda,Zannini,United States,Minnesota,F,22,Mitsubishi,-93.4719,45.0159
422,Clementius,McKoy,United States,Minnesota,M,36,Dodge,-93.4719,45.0159
423,Colby,Varne,United States,Minnesota,M,29,Morgan,-93.3021,45.1907
424,Damon,Hauch,United States,Minnesota,M,40,Volkswagen,-93.7665,44.8055
425,Zandra,Shilton,United States,Minnesota,F,29,BMW,-93.4719,45.0159
426,Herold,Geraldez,United States,Minnesota,M,59,Audi,-93.2759,44.9762
427,Ximenez,Woodier,United States,Minnesota,M,19,Chevrolet,-93.2759,44.9762
428,Marian,Metrick,United States,Minnesota,F,31,Chevrolet,-93.1771,44.9806
429,Ronnie,Walsom,United States,Minnesota,M,59,Volkswagen,-92.1998,46.8147
430,Marje,Purchall,United States,Minnesota,F,46,Aston Martin,-93.0875,45.0803
431,Ely,Sandcraft,United States,Minnesota,M,49,Maybach,-93.1059,45.0059
432,Vera,Thomason,United States,Minnesota,F,23,Buick,-93.1216,44.9608
433,Ermentrude,Telfer,United States,Minnesota,F,32,Cadillac,-93.4719,45.0159
434,Shela,Thickens,United States,Minnesota,F,30,Mitsubishi,-93.4719,45.0159
435,Opaline,Face,United States,Minnesota,F,34,BMW,-94.5933,45.5289
436,Dietrich,Kirkpatrick,United States,Minnesota,M,27,Mercedes-Benz,-93.4865,45.04
437,Koren,Simoncelli,United States,Minnesota,F,38,Ford,-93.4719,45.0159
438,Jean,Crossby,United States,Minnesota,M,23,Ford,-93.0828,44.9427
439,Dolores,Smurfitt,United States,Minnesota,F,32,Ford,-93.1981,44.968
440,Idaline,Apfel,United States,Minnesota,F,55,Mitsubishi,-93.1771,44.9806
441,Walker,Adicot,United States,Minnesota,M,42,Mercury,-93.8881,45.2009
442,Faye,Orteau,United States,Minnesota,F,33,Chevrolet,-93.0875,45.0803
443,Joy,Brailey,United States,Minnesota,F,22,Mitsubishi,-93.2361,44.9054
444,Therese,Pritty,United States,Minnesota,F,32,Volkswagen,-93.0875,45.0803
445,Field,Berzon,United States,Minnesota,M,23,Audi,-93.4719,45.0159
446,Sibylla,Gravy,United States,Minnesota,F,48,Toyota,-93.374,44.9034
447,Barnett,Broyd,United States,Minnesota,M,31,Mercedes-Benz,-93.4719,45.0159
448,Jermaine,Demongeot,United States,Minnesota,F,22,Volkswagen,-93.4719,45.0159
449,Kimmie,Rydzynski,United States,Minnesota,F,56,Chevrolet,-94.5933,45.5289
450,Nari,Mapes,United States,Minnesota,F,38,Ford,-93.4719,45.0159
451,Sheffie,Gurling,United States,Minnesota,M,58,Volkswagen,-93.0828,44.9427
452,Hildegarde,Berthelet,United States,Minnesota,F,52,Dodge,-93.1771,44.9806
453,Decca,Mansell,United States,Minnesota,M,28,Toyota,-94.5933,45.5289
454,Warner,Delgardo,United States,Minnesota,M,22,Toyota,-93.3811,45.0632
455,Jodi,Millard,United States,Minnesota,M,52,GMC,-93.2759,44.9762
456,Julita,Merrigans,United States,Minnesota,F,47,Oldsmobile,-94.5933,45.5289
457,Cherry,Luchelli,United States,Minnesota,F,21,Pontiac,-93.4719,45.0159
458,Leese,Clausner,United States,Minnesota,F,45,Mercury,-93.4719,45.0159
459,Guthrie,Fox,United States,Minnesota,M,46,Porsche,-93.4719,45.0159
460,Corbett,Crawford,United States,Minnesota,M,30,Volvo,-93.1059,45.0059
461,Chadwick,Hembery,United States,Minnesota,M,58,Buick,-92.9391,45.071
462,Karita,Steuhlmeyer,United States,Minnesota,F,32,Pontiac,-94.5933,45.5289
463,Meridith,Giacopelo,United States,Minnesota,F,33,GMC,-93.4719,45.0159
464,Randy,Krop,United States,Minnesota,M,43,Nissan,-93.4719,45.0159
465,Atlante,Kinney,United States,Minnesota,F,52,Subaru,-93.3811,45.0632
466,Alexi,Pead,United States,Minnesota,F,23,Cadillac,-93.4719,45.0159
467,Wilmar,Leyburn,United States,Minnesota,M,37,Suzuki,-93.2545,44.9378
468,Patrice,Pearsall,United States,Minnesota,M,42,Mazda,-92.9391,45.071
469,Leticia,Gorgl,United States,Minnesota,F,39,Nissan,-94.5933,45.5289
470,Kissee,Jervis,United States,Minnesota,F,20,Lexus,-93.4193,45.0058
471,Remy,McCard,United States,Minnesota,F,25,Ford,-93.3021,45.1907
472,Ammamaria,McGrady,United States,Minnesota,F,30,Mazda,-93.3811,45.0632
473,Cordi,Wyche,United States,Minnesota,F,40,Audi,-93.2361,44.9054
474,Lodovico,Dunbleton,United States,Minnesota,M,37,Isuzu,-93.4719,45.0159
475,Federico,D'Agostini,United States,Minnesota,M,34,GMC,-93.1059,45.0059
476,Milzie,Asty,United States,Minnesota,F,46,Ferrari,-93.4193,45.0058
477,Brad,Bartens,United States,Minnesota,M,50,Chevrolet,-93.3021,45.1907
478,Shelly,Jurca,United States,Minnesota,F,26,BMW,-93.4719,45.0159
479,Barnabas,Rozzell,United States,Minnesota,M,20,Infiniti,-93.8881,45.2009
480,Tito,Bakes,United States,Minnesota,M,29,Buick,-93.3021,45.1907
481,Belita,Coatman,United States,Minnesota,F,20,Chevrolet,-93.4719,45.0159
482,Lynea,Jesper,United States,Minnesota,F,58,Ford,-93.8881,45.2009
483,Bil,Kleinplac,United States,Minnesota,M,26,Honda,-93.1409,44.806
484,Zorina,Maceur,United States,Minnesota,F,46,Honda,-92.1998,46.8147
485,Jayme,Cartmale,United States,Minnesota,F,23,Volkswagen,-93.1409,44.806
486,Humberto,Camock,United States,Minnesota,M,46,Ford,-93.1059,45.0059
487,Sergio,Blakden,United States,Minnesota,M,34,Cadillac,-93.2553,44.8756
488,Durward,Cordeau],United States,Minnesota,M,52,Ford,-94.5933,45.5289
489,Carol-jean,Bramford,United States,Minnesota,F,54,Oldsmobile,-93.3811,45.0632
490,Mitchell,Hardeman,United States,Minnesota,M,60,Ram,-93.4719,45.0159
491,Shanda,Bennet,United States,Minnesota,F,40,Eagle,-93.1981,44.968
492,Angelika,Sotheron,United States,Minnesota,F,34,Ford,-93.4719,45.0159
493,Rosmunda,Wims,United States,Minnesota,F,44,BMW,-93.2553,44.8756
494,Carie,Goulborn,United States,Minnesota,F,52,Maserati,-93.4719,45.0159
495,Ricki,Shepherdson,United States,Minnesota,M,33,Kia,-92.9391,45.071
496,Guenna,Martschke,United States,Minnesota,F,24,Subaru,-93.1059,45.0059
497,Titos,Skelhorne,United States,Minnesota,M,19,Pontiac,-92.1998,46.8147
498,Raymund,Sweeten,United States,Minnesota,M,26,GMC,-93.1216,44.9608
499,Claudetta,Sambells,United States,Minnesota,F,49,Mazda,-93.4193,45.0058
500,Kerry,Osorio,United States,Minnesota,F,27,Ford,-93.3811,45.0632
501,Theodor,Epdell,United States,Minnesota,M,37,Mitsubishi,-93.4719,45.0159
502,Maxwell,Orto,United States,Minnesota,M,57,BMW,-93.374,44.9034
503,Kinny,Dudgeon,United States,Minnesota,M,21,Volkswagen,-93.8881,45.2009
504,Skippie,Covil,United States,Minnesota,M,31,Toyota,-93.4719,45.0159
505,Jedidiah,Lethbrig,United States,Minnesota,M,31,Honda,-93.2545,44.9378
506,Isidora,Leftley,United States,Minnesota,F,50,Dodge,-93.0828,44.9427
507,Marin,Klebes,United States,Minnesota,F,38,Mercedes-Benz,-93.7665,44.8055
508,Seana,Tembridge,United States,Minnesota,F,50,Mazda,-93.7665,44.8055
509,Kip,Polding,United States,Minnesota,M,44,Chevrolet,-93.374,44.9034
510,Gray,Van der Mark,United States,Minnesota,F,55,Geo,-93.0828,44.9427
511,Cherice,Bernardinelli,United States,Minnesota,F,30,GMC,-93.4719,45.0159
512,Terence,Wapple,United States,Minnesota,M,35,Toyota,-93.374,44.9034
513,Mariellen,Gravy,United States,Minnesota,F,35,Chevrolet,-93.8881,45.2009
514,Nolly,Bogace,United States,Minnesota,M,35,Lincoln,-93.4719,45.0159
515,Neill,Hellsdon,United States,Minnesota,M,26,Audi,-93.7665,44.8055
516,Gustave,Lokier,United States,Minnesota,M,50,Honda,-93.4719,45.0159
517,Haroun,Loomes,United States,Minnesota,M,55,Oldsmobile,-93.1059,45.0059
518,Imogen,Melsom,United States,Minnesota,F,55,MINI,-93.4719,45.0159
519,Isidro,Lambrick,United States,Minnesota,M,55,Land Rover,-93.4193,45.0058
520,Jens,Jealous,United States,Minnesota,M,50,Mitsubishi,-93.1059,45.0059
521,Bernarr,Purdom,United States,Minnesota,M,56,Audi,-93.3021,45.1907
522,Felic,Petrulis,United States,Minnesota,M,26,Buick,-92.4668,44.0225
523,Fran,Gregore,United States,Minnesota,F,60,Pontiac,-93.3021,45.1907
524,Shannan,Shakesby,United States,Minnesota,M,43,Land Rover,-93.2553,44.8756
525,Delora,Snowsill,United States,Minnesota,F,46,Mercedes-Benz,-93.8881,45.2009
526,Fulvia,Mawson,United States,Minnesota,F,33,Ford,-92.1998,46.8147
527,Milo,Rattenberie,United States,Minnesota,M,32,Cadillac,-93.2759,44.9762
528,Gibb,Adkin,United States,Minnesota,M,38,Audi,-93.4719,45.0159
529,Jeri,Jewes,United States,Minnesota,F,28,BMW,-93.2759,44.9762
530,Eadmund,Ohrt,United States,Minnesota,M,39,Land Rover,-93.1771,44.9806
531,Amalia,Briars,United States,Minnesota,F,45,Dodge,-93.0828,44.9427
532,Ina,Hearns,United States,Minnesota,F,46,Kia,-93.2553,44.8756
533,Hillary,Ferrandez,United States,Minnesota,M,60,Lincoln,-93.1981,44.968
534,Antons,Crim,United States,Minnesota,M,24,Mercedes-Benz,-93.4719,45.0159
535,Griz,Aimable,United States,Minnesota,M,19,Nissan,-93.302,45.0242
536,Byran,Cogle,United States,Minnesota,M,40,Nissan,-93.1059,45.0059
537,Shelden,Johanning,United States,Minnesota,M,23,Audi,-93.3021,45.1907
538,Wayland,Flucks,United States,Minnesota,M,25,BMW,-94.5933,45.5289
539,Raoul,Iamittii,United States,Minnesota,M,45,Ford,-92.1998,46.8147
540,Alexandra,Willmett,United States,Minnesota,F,34,Lexus,-93.8881,45.2009
541,Conney,Roche,United States,Minnesota,M,54,Chevrolet,-93.374,44.9034
542,Olin,Breach,United States,Minnesota,M,46,Audi,-93.7665,44.8055
543,Xaviera,Pechet,United States,Minnesota,F,28,Mercedes-Benz,-93.4719,45.0159
544,Norry,Revington,United States,Minnesota,M,34,Chevrolet,-92.9391,45.071
545,Terry,Pauwel,United States,Minnesota,M,26,Chevrolet,-93.8881,45.2009
546,Chrissie,Christley,United States,Minnesota,M,25,Mitsubishi,-93.1059,45.0059
547,Rossie,Alenov,United States,Minnesota,M,49,Lexus,-93.0875,45.0803
548,Linette,Chace,United States,Minnesota,F,46,Dodge,-93.374,44.9034
549,Jedediah,Olek,United States,Minnesota,M,31,Honda,-93.2545,44.9378
550,Milicent,Toms,United States,Minnesota,F,44,Honda,-93.1059,45.0059
551,Adan,Alred,United States,Minnesota,F,25,Mercedes-Benz,-93.4719,45.0159
552,Tiertza,Simcoe,United States,Minnesota,F,42,Nissan,-92.0946,46.7987
553,Giulietta,Gimblet,United States,Minnesota,F,52,Lexus,-93.0828,44.9427
554,Krisha,Troyes,United States,Minnesota,M,21,Saturn,-93.4719,45.0159
555,Geoffry,Roizn,United States,Minnesota,M,19,Mercedes-Benz,-93.2361,44.9054
556,Wrennie,Fenge,United States,Minnesota,F,52,Mercedes-Benz,-93.3021,45.1907
557,Myrvyn,Hagger,United States,Minnesota,M,21,Hyundai,-93.3021,45.1907
558,Garrik,Smieton,United States,Minnesota,M,45,Audi,-93.1059,45.0059
559,Coreen,MacRierie,United States,Minnesota,F,57,Toyota,-92.1998,46.8147
560,Fanny,Egle,United States,Minnesota,F,20,MINI,-93.1409,44.806
561,Garwin,Hawthorne,United States,Minnesota,M,34,Mazda,-93.1981,44.968
562,Paloma,Heazel,United States,Minnesota,F,20,Chevrolet,-93.7665,44.8055
563,Mirelle,Guynemer,United States,Minnesota,F,43,Mercury,-93.4719,45.0159
564,Thom,Rainton,United States,Minnesota,M,27,Ford,-93.4865,45.04
565,Jess,Twidell,United States,Minnesota,F,34,Ford,-92.1998,46.8147
566,Grethel,Szreter,United States,Minnesota,F,51,Jeep,-92.4668,44.0225
567,Selina,Crowd,United States,Minnesota,F,54,Lexus,-92.1998,46.8147
568,Regan,Vaar,United States,Minnesota,M,57,Audi,-93.8881,45.2009
569,Humfried,Baffin,United States,Minnesota,M,29,Chevrolet,-93.4719,45.0159
570,Boyce,Cockhill,United States,Minnesota,M,48,Acura,-93.4719,45.0159
571,Felix,Van Cassel,United States,Minnesota,M,31,Pontiac,-93.4719,45.0159
572,Mack,Rubertis,United States,Minnesota,M,31,Geo,-93.7665,44.8055
573,Morlee,MacGibbon,United States,Minnesota,M,29,Ford,-93.4865,45.04
574,Aleksandr,Stenhouse,United States,Minnesota,M,33,Isuzu,-93.8881,45.2009
575,Mose,Franseco,United States,Minnesota,M,44,Mercedes-Benz,-92.0946,46.7987
576,Parker,Damsell,United States,Minnesota,M,36,Mercury,-93.3021,45.1907
577,Shannen,Dragon,United States,Minnesota,F,48,Buick,-93.4719,45.0159
578,Ron,Stonhouse,United States,Minnesota,M,43,Ford,-93.1771,44.9806
579,Nicko,Stiggles,United States,Minnesota,M,49,Ford,-93.4719,45.0159
580,Emlynne,Winkle,United States,Minnesota,F,50,GMC,-93.7665,44.8055
581,Drugi,Bedborough,United States,Minnesota,M,55,Kia,-93.302,45.0242
582,Adan,Trays,United States,Minnesota,M,18,Ford,-93.302,45.0242
583,Blair,Pfaffel,United States,Minnesota,F,36,Honda,-92.1998,46.8147
584,Lynnelle,Oleszcuk,United States,Minnesota,F,23,Mercedes-Benz,-93.3811,45.0632
585,Yankee,Tweedie,United States,Minnesota,M,34,Chevrolet,-93.1409,44.806
586,Virgina,De Vere,United States,Minnesota,F,39,Hyundai,-93.1409,44.806
587,Hanni,Sammonds,United States,Minnesota,F,34,Kia,-93.7665,44.8055
588,Annmaria,Yesinin,United States,Minnesota,F,39,Lotus,-93.7665,44.8055
589,Jo,De Banke,United States,Minnesota,F,22,Pontiac,-93.302,45.0242
590,Byrann,Soro,United States,Minnesota,M,49,Scion,-93.2759,44.9762
591,Marion,Phillcock,United States,Minnesota,M,47,Dodge,-93.8881,45.2009
592,Gearalt,Rucklidge,United States,Minnesota,M,39,Acura,-93.2545,44.9378
593,Jessy,Davidovicz,United States,Minnesota,F,53,Toyota,-93.1059,45.0059
594,Sutherlan,Plewman,United States,Minnesota,M,25,Chevrolet,-93.7665,44.8055
595,Dallas,Featherstonhaugh,United States,Minnesota,F,36,Acura,-93.4719,45.0159
596,Krishna,MacCracken,United States,Minnesota,M,55,Eagle,-93.1409,44.806
597,Lyndsie,Goseling,United States,Minnesota,F,57,Mitsubishi,-93.4719,45.0159
598,Yorgos,Bereford,United States,Minnesota,M,23,Subaru,-93.3021,45.1907
599,Edgar,Scherer,United States,Minnesota,M,23,Ford,-93.7665,44.8055
600,Georgie,Brandi,United States,Minnesota,M,43,Pontiac,-93.0875,45.0803
601,Forest,Velden,United States,Minnesota,M,23,Volvo,-94.5933,45.5289
602,Mala,Whittet,United States,Minnesota,F,49,Acura,-93.4719,45.0159
603,Brier,Guinery,United States,Minnesota,F,48,Toyota,-93.2759,44.9762
604,Clement,Grinvalds,United States,Minnesota,M,21,Mazda,-94.5933,45.5289
605,Abbi,Saylor,United States,Minnesota,F,55,Mazda,-93.4719,45.0159
606,Obidiah,Shevelin,United States,Minnesota,M,35,Lincoln,-94.5933,45.5289
607,Garrik,Petrasso,United States,Minnesota,M,18,BMW,-93.302,45.0242
608,Clive,Clarke,United States,Minnesota,M,47,Jeep,-92.1998,46.8147
609,Kev,Cotillard,United States,Minnesota,M,26,Toyota,-93.1059,45.0059
610,Kath,McAdam,United States,Minnesota,F,34,Mazda,-93.1981,44.968
611,Ashlan,Hynam,United States,Minnesota,F,24,Ford,-93.7665,44.8055
612,Jasun,Saph,United States,Minnesota,M,46,Mercury,-93.8881,45.2009
613,Davidson,Hauch,United States,Minnesota,M,40,Chevrolet,-93.1981,44.968
614,Fidelity,Bissex,United States,Minnesota,F,42,Audi,-93.4719,45.0159
615,Milo,Dalliwater,United States,Minnesota,M,24,Ford,-93.4719,45.0159
616,Valentijn,Durban,United States,Minnesota,M,34,Lotus,-92.4668,44.0225
617,Whit,Kermon,United States,Minnesota,M,41,Volkswagen,-93.4719,45.0159
618,Cathi,Maisey,United States,Minnesota,F,56,Dodge,-93.8881,45.2009
619,Theodoric,Westcarr,United States,Minnesota,M,57,Chevrolet,-92.1998,46.8147
620,Jerrome,Withams,United States,Minnesota,M,57,Lincoln,-94.5933,45.5289
621,Carver,Muldrew,United States,Minnesota,M,37,Acura,-93.1059,45.0059
622,Coreen,Cadwell,United States,Minnesota,F,43,BMW,-92.1998,46.8147
623,Wilone,De Haven,United States,Minnesota,F,22,Isuzu,-93.4193,45.0058
624,Modesta,Carette,United States,Minnesota,F,57,Toyota,-93.7665,44.8055
625,Purcell,Rowswell,United States,Minnesota,M,55,Dodge,-93.1059,45.0059
626,Tiffany,Sharrard,United States,Minnesota,F,52,Suzuki,-92.1998,46.8147
627,Currie,Millins,United States,Minnesota,M,43,Bentley,-93.7665,44.8055
628,Orelie,Kuhle,United States,Minnesota,F,19,Buick,-93.4719,45.0159
629,Korella,Laydon,United States,Minnesota,F,29,Hyundai,-93.4193,45.0058
630,Trev,Haskell,United States,Minnesota,M,43,Porsche,-93.2361,44.9054
631,Cheston,Aish,United States,Minnesota,M,21,Audi,-93.3021,45.1907
632,Karly,Kurtis,United States,Minnesota,F,29,Maybach,-93.4719,45.0159
633,Marcela,Trenear,United States,Minnesota,F,50,Subaru,-93.4719,45.0159
634,Jude,Dimberline,United States,Minnesota,M,53,Chrysler,-93.0875,45.0803
635,Tybie,Storrier,United States,Minnesota,F,43,GMC,-93.7665,44.8055
636,Conn,Probyn,United States,Minnesota,M,18,Infiniti,-93.1059,45.0059
637,Gunner,Pyvis,United States,Minnesota,M,43,Hyundai,-93.4719,45.0159
638,Evie,Ubsdell,United States,Minnesota,F,44,Jaguar,-93.2545,44.9378
639,Giulia,Weson,United States,Minnesota,F,32,Cadillac,-93.8881,45.2009
640,Else,Hamberstone,United States,Minnesota,F,57,Chevrolet,-93.4719,45.0159
641,Christoffer,Woolford,United States,Minnesota,M,22,Infiniti,-93.1059,45.0059
642,Ewell,Sivyer,United States,Minnesota,M,31,Bentley,-93.4719,45.0159
643,Salvador,Gherardesci,United States,Minnesota,M,44,GMC,-93.4719,45.0159
644,Lesley,McGinlay,United States,Minnesota,F,39,Mercedes-Benz,-93.1981,44.968
645,Parsifal,Spragge,United States,Minnesota,M,42,Ford,-93.2759,44.9762
646,Feodor,Verrills,United States,Minnesota,M,24,Ford,-93.7665,44.8055
647,Pasquale,Shallo,United States,Minnesota,M,57,Chevrolet,-93.1059,45.0059
648,Eydie,MacLaverty,United States,Minnesota,F,48,Lamborghini,-93.7665,44.8055
649,Pasquale,Deniskevich,United States,Minnesota,M,26,Nissan,-92.4668,44.0225
650,Vince,Tregensoe,United States,Minnesota,M,42,Volkswagen,-93.3021,45.1907
651,Phylis,Igounet,United States,Minnesota,F,40,Isuzu,-92.1998,46.8147
652,Roy,Danilov,United States,Minnesota,M,46,Jeep,-93.0875,45.0803
653,Elfrieda,Lesley,United States,Minnesota,F,37,Dodge,-93.1409,44.806
654,Saree,Daily,United States,Minnesota,F,60,Mazda,-93.1981,44.968
655,Millisent,Truesdale,United States,Minnesota,F,20,Chrysler,-94.5933,45.5289
656,Genovera,Moorerud,United States,Minnesota,F,28,Pontiac,-92.4668,44.0225
657,Edna,Holley,United States,Minnesota,F,28,Toyota,-93.4719,45.0159
658,Amos,Guilloud,United States,Minnesota,M,25,Hummer,-93.3811,45.0632
659,Odell,Illem,United States,Minnesota,M,37,Smart,-93.8881,45.2009
660,Cory,Striker,United States,Minnesota,F,52,Lexus,-93.1059,45.0059
661,Maisie,Cromblehome,United States,Minnesota,F,18,Lexus,-93.3021,45.1907
662,Maryanna,Biskup,United States,Minnesota,F,40,Dodge,-93.4719,45.0159
663,Pierrette,Harriagn,United States,Minnesota,F,60,BMW,-93.7665,44.8055
664,Drud,Saffe,United States,Minnesota,M,57,Ford,-93.2553,44.8756
665,Bradford,Beven,United States,Minnesota,M,34,Audi,-92.4668,44.0225
666,Bart,Swains,United States,Minnesota,M,44,Nissan,-93.0828,44.9427
667,Iver,McCrackem,United States,Minnesota,M,31,Audi,-93.4719,45.0159
668,Lindsay,Helleckas,United States,Minnesota,F,34,Toyota,-93.0828,44.9427
669,Jemmie,Margram,United States,Minnesota,F,48,Ford,-94.5933,45.5289
670,Julius,Bortolomei,United States,Minnesota,M,38,Lexus,-93.1059,45.0059
671,Ronni,Twiggs,United States,Minnesota,F,60,Chevrolet,-93.7665,44.8055
672,Terese,McCreedy,United States,Minnesota,F,18,Chevrolet,-93.8881,45.2009
673,Thadeus,Potbury,United States,Minnesota,M,54,Chevrolet,-93.2553,44.8756
674,Norah,Petrozzi,United States,Minnesota,F,48,Cadillac,-93.4193,45.0058
675,Andrei,Hakewell,United States,Minnesota,F,34,Pontiac,-93.1981,44.968
676,Atlanta,Faux,United States,Minnesota,F,26,Mercedes-Benz,-93.374,44.9034
677,Gertrude,Nowak,United States,Minnesota,F,22,Jeep,-92.4668,44.0225
678,Melisande,Owenson,United States,Minnesota,F,52,Porsche,-93.1059,45.0059
679,Robina,Dankersley,United States,Minnesota,F,40,Buick,-93.3811,45.0632
680,Lorianna,Rashleigh,United States,Minnesota,F,29,Mitsubishi,-93.0875,45.0803
681,Calley,Hannah,United States,Minnesota,F,55,Nissan,-93.0875,45.0803
682,Ola,Scotting,United States,Minnesota,F,38,Mitsubishi,-93.302,45.0242
683,Damita,Comsty,United States,Minnesota,F,56,Plymouth,-94.5933,45.5289
684,Charisse,Mockett,United States,Minnesota,F,29,Volkswagen,-93.8881,45.2009
685,Byron,Shoebotham,United States,Minnesota,M,19,Suzuki,-92.4668,44.0225
686,Romola,Weekland,United States,Minnesota,F,29,Volkswagen,-93.0875,45.0803
687,Teodorico,Rembrandt,United States,Minnesota,M,21,Infiniti,-93.4719,45.0159
688,Cornela,O'Codihie,United States,Minnesota,F,28,Ford,-93.1059,45.0059
689,Blinnie,Spellacey,United States,Minnesota,F,33,Kia,-93.7665,44.8055
690,Nathanial,Denzey,United States,Minnesota,M,36,Chevrolet,-93.4719,45.0159
691,Hersh,Churching,United States,Minnesota,M,50,GMC,-93.2361,44.9054
692,Amie,Jex,United States,Minnesota,F,44,BMW,-93.1216,44.9608
693,Gwynne,Pilch,United States,Minnesota,F,18,Chevrolet,-93.2759,44.9762
694,Gilligan,Radley,United States,Minnesota,F,28,Saturn,-93.4865,45.04
695,Nerita,Snoddy,United States,Minnesota,F,42,GMC,-93.4719,45.0159
696,Engelbert,Sutor,United States,Minnesota,M,36,Dodge,-93.8881,45.2009
697,Camala,Laville,United States,Minnesota,F,57,Mazda,-93.7665,44.8055
698,Alejoa,Roon,United States,Minnesota,M,28,Chrysler,-93.1059,45.0059
699,Abe,Gurnay,United States,Minnesota,M,56,Nissan,-93.4719,45.0159
700,Jeromy,Elwin,United States,Minnesota,M,54,Ford,-93.1981,44.968
701,Abbot,Ashleigh,United States,Minnesota,M,22,GMC,-93.2361,44.9054
702,Maryanna,Landers,United States,Minnesota,F,33,Hyundai,-93.3811,45.0632
703,Sherwin,Loder,United States,Minnesota,M,23,Subaru,-93.4865,45.04
704,Hildegaard,Murrigan,United States,Minnesota,F,58,Rolls-Royce,-93.3811,45.0632
705,Ermanno,Ciotti,United States,Minnesota,M,38,Ford,-93.4719,45.0159
706,Faythe,Metschke,United States,Minnesota,F,18,Chevrolet,-93.4865,45.04
707,Ulrich,Correa,United States,Minnesota,M,51,Chevrolet,-93.8881,45.2009
708,Godfry,Grosvener,United States,Minnesota,M,37,Ford,-93.7665,44.8055
709,Etienne,Parker,United States,Minnesota,M,45,Pontiac,-93.7665,44.8055
710,Annaliese,Bryers,United States,Minnesota,F,36,Toyota,-93.1059,45.0059
711,Dareen,Dearl,United States,Minnesota,F,28,Infiniti,-94.5933,45.5289
712,Pauline,Tomaschke,United States,Minnesota,F,56,Mercedes-Benz,-93.4719,45.0159
713,Gianina,Scud,United States,Minnesota,F,43,Suzuki,-93.2759,44.9762
714,Zonnya,Sankey,United States,Minnesota,F,37,Mercedes-Benz,-94.5933,45.5289
715,Falkner,Monks,United States,Minnesota,M,28,Toyota,-93.4719,45.0159
716,Pietrek,Orpin,United States,Minnesota,M,47,Maybach,-93.2759,44.9762
717,Devin,Belsham,United States,Minnesota,F,18,Lexus,-93.1059,45.0059
718,Ashleigh,Sevier,United States,Minnesota,F,52,Toyota,-93.8881,45.2009
719,Carlita,Fishwick,United States,Minnesota,F,25,Hyundai,-93.3811,45.0632
720,Germain,Croce,United States,Minnesota,M,39,Pontiac,-93.7665,44.8055
721,Simeon,Jeandot,United States,Minnesota,M,23,Kia,-93.2361,44.9054
722,Allissa,Medcraft,United States,Minnesota,F,32,Mercedes-Benz,-93.2759,44.9762
723,Arabella,Nottingham,United States,Minnesota,F,27,Honda,-93.2553,44.8756
724,Rutherford,Bracci,United States,Minnesota,M,51,Mitsubishi,-93.1409,44.806
725,Neddy,Abdee,United States,Minnesota,M,60,Lexus,-93.1771,44.9806
726,Clive,Carmichael,United States,Minnesota,M,19,Dodge,-93.8881,45.2009
727,Francklin,Blamire,United States,Minnesota,M,28,Lamborghini,-93.4719,45.0159
728,Augy,Ponton,United States,Minnesota,M,22,Maserati,-93.8881,45.2009
729,Johnathan,Sket,United States,Minnesota,M,46,Lincoln,-93.8881,45.2009
730,Kinsley,Fish,United States,Minnesota,M,51,Toyota,-93.302,45.0242
731,Florenza,Davey,United States,Minnesota,F,39,Suzuki,-93.8881,45.2009
732,Mateo,Pett,United States,Minnesota,M,20,Toyota,-93.0828,44.9427
733,Delaney,Willden,United States,Minnesota,M,38,Bentley,-92.9391,45.071
734,Harman,Orrom,United States,Minnesota,M,47,Mazda,-93.4719,45.0159
735,Tarra,Duffell,United States,Minnesota,F,23,Pontiac,-93.4719,45.0159
736,Nico,Schulz,United States,Minnesota,M,30,Mitsubishi,-93.1059,45.0059
737,Timothee,Perch,United States,Minnesota,M,51,GMC,-93.8881,45.2009
738,Boycie,Marcombe,United States,Minnesota,M,23,Jaguar,-93.7665,44.8055
739,Joice,Starzaker,United States,Minnesota,F,53,Maserati,-93.4719,45.0159
740,Saloma,Macer,United States,Minnesota,F,30,Mercury,-93.1981,44.968
741,Dorella,Ogger,United States,Minnesota,F,31,Audi,-93.4719,45.0159
742,Maje,Gerok,United States,Minnesota,M,25,Bentley,-93.1059,45.0059
743,Alena,Belt,United States,Minnesota,F,36,Hyundai,-93.1409,44.806
744,Adrian,Garioch,United States,Minnesota,M,27,Pontiac,-93.1216,44.9608
745,Maressa,Wallman,United States,Minnesota,F,40,Ford,-93.4719,45.0159
746,Norrie,Sugars,United States,Minnesota,M,60,Suzuki,-93.1409,44.806
747,Shawn,Leon,United States,Minnesota,F,41,Dodge,-93.7665,44.8055
748,Lelia,Atlee,United States,Minnesota,F,60,Land Rover,-93.3811,45.0632
749,Dolorita,Kull,United States,Minnesota,F,41,GMC,-93.2553,44.8756
750,Kennett,Sherry,United States,Minnesota,M,31,Buick,-93.3811,45.0632
751,Jim,Medcalf,United States,Minnesota,M,24,Chevrolet,-93.1216,44.9608
752,Charlie,Meffen,United States,Minnesota,M,29,Mercedes-Benz,-93.4719,45.0159
753,Torrence,Richemond,United States,Minnesota,M,24,Dodge,-93.7665,44.8055
754,Duff,Clayworth,United States,Minnesota,M,38,Toyota,-93.4719,45.0159
755,Susanetta,Boyland,United States,Minnesota,F,20,Volkswagen,-93.7665,44.8055
756,Richardo,Westrope,United States,Minnesota,M,25,Ford,-94.5933,45.5289
757,Shelden,Danilovich,United States,Minnesota,M,19,Cadillac,-93.0875,45.0803
758,Ramsay,Dome,United States,Minnesota,M,55,Chevrolet,-93.8881,45.2009
759,Nanine,Christophle,United States,Minnesota,F,54,Mazda,-93.7665,44.8055
760,Clim,Doorey,United States,Minnesota,M,22,GMC,-93.3021,45.1907
761,Trenna,Escala,United States,Minnesota,F,42,Ford,-93.0828,44.9427
762,Lucias,Lipman,United States,Minnesota,M,49,Chevrolet,-93.3021,45.1907
763,Jennette,Daynter,United States,Minnesota,F,36,Pontiac,-93.4719,45.0159
764,Zeb,Wakely,United States,Minnesota,M,23,Chevrolet,-93.7665,44.8055
765,Corrie,Essery,United States,Minnesota,F,24,Ford,-93.4719,45.0159
766,Tate,Antonescu,United States,Minnesota,M,41,Ford,-93.1059,45.0059
767,Inness,Lerigo,United States,Minnesota,M,41,Volkswagen,-92.9391,45.071
768,Simone,Learoid,United States,Minnesota,F,42,Jeep,-93.4193,45.0058
769,Georgine,Binnie,United States,Minnesota,F,45,Hyundai,-92.4668,44.0225
770,Margo,Flohard,United States,Minnesota,F,52,GMC,-93.4719,45.0159
771,Shanan,Duffree,United States,Minnesota,M,54,Isuzu,-93.2759,44.9762
772,Lionel,Charpin,United States,Minnesota,M,50,Bentley,-93.4719,45.0159
773,Luciano,Coghlin,United States,Minnesota,M,18,Mercury,-93.4193,45.0058
774,Pen,Ferie,United States,Minnesota,F,57,Toyota,-93.0828,44.9427
775,Manya,Condell,United States,Minnesota,F,39,Pontiac,-93.8881,45.2009
776,Peri,Seaman,United States,Minnesota,F,39,Lexus,-93.4719,45.0159
777,Karie,Woodwing,United States,Minnesota,F,47,Dodge,-93.2361,44.9054
778,Oliviero,Whiteson,United States,Minnesota,M,47,Toyota,-93.1771,44.9806
779,Ted,Collete,United States,Minnesota,F,52,Lincoln,-92.4668,44.0225
780,Tana,Martinho,United States,Minnesota,F,35,Land Rover,-93.1059,45.0059
781,Dmitri,Aviss,United States,Minnesota,M,54,GMC,-93.2361,44.9054
782,Emyle,Callaby,United States,Minnesota,F,39,Morgan,-93.4719,45.0159
783,Arlin,Powys,United States,Minnesota,M,44,Suzuki,-93.8881,45.2009
784,Verena,Rotchell,United States,Minnesota,F,41,Toyota,-92.0946,46.7987
785,Harriet,Lopes,United States,Minnesota,F,57,Land Rover,-93.4719,45.0159
786,Rudd,Ruf,United States,Minnesota,M,25,Porsche,-93.4719,45.0159
787,Thatcher,Revie,United States,Minnesota,M,21,Toyota,-93.2553,44.8756
788,Davon,Roddan,United States,Minnesota,M,60,Infiniti,-93.8881,45.2009
789,Valentino,Adriano,United States,Minnesota,M,31,Mitsubishi,-93.4719,45.0159
790,Melamie,Seabrook,United States,Minnesota,F,42,Dodge,-93.4719,45.0159
791,Brnaba,Parkeson,United States,Minnesota,M,33,Ford,-93.3021,45.1907
792,Alexandro,Simes,United States,Minnesota,M,18,Dodge,-93.1771,44.9806
793,Horatius,Finnemore,United States,Minnesota,M,27,Toyota,-93.8881,45.2009
794,Kaine,Rickersey,United States,Minnesota,M,34,Oldsmobile,-93.1981,44.968
795,Broderick,Senussi,United States,Minnesota,M,39,Buick,-93.4719,45.0159
796,Worthington,Bille,United States,Minnesota,M,56,Mitsubishi,-93.4719,45.0159
797,Aurea,Sockell,United States,Minnesota,F,52,Kia,-93.2759,44.9762
798,Jecho,Cassey,United States,Minnesota,M,59,Mercedes-Benz,-93.1771,44.9806
799,Val,Vivash,United States,Minnesota,M,41,Porsche,-93.2759,44.9762
800,Tallie,Gaspard,United States,Minnesota,F,18,Chrysler,-93.3021,45.1907
801,Hamid,Garfield,United States,Minnesota,M,60,Suzuki,-93.1771,44.9806
802,Natala,Clucas,United States,Minnesota,F,56,Volkswagen,-94.5933,45.5289
803,Veronike,Symes,United States,Minnesota,F,25,Ford,-93.1409,44.806
804,Bruce,Averall,United States,Minnesota,M,35,Mercedes-Benz,-93.4719,45.0159
805,Prue,Blanking,United States,Minnesota,F,42,Chevrolet,-93.8881,45.2009
806,Karlens,MacCardle,United States,Minnesota,M,48,Volkswagen,-93.7665,44.8055
807,Jens,Lempel,United States,Minnesota,M,39,Chrysler,-93.8881,45.2009
808,Sally,Bauman,United States,Minnesota,F,60,Scion,-93.374,44.9034
809,Theodor,Wilne,United States,Minnesota,M,36,Chevrolet,-93.1059,45.0059
810,Wendeline,Brabant,United States,Minnesota,F,44,Pontiac,-93.1409,44.806
811,Darby,Lantuffe,United States,Minnesota,F,32,Bugatti,-93.0828,44.9427
812,Fancie,Reboul,United States,Minnesota,F,47,Lincoln,-93.3811,45.0632
813,Pinchas,Zuanelli,United States,Minnesota,M,46,BMW,-93.7665,44.8055
814,Bar,Broady,United States,Minnesota,M,40,Mitsubishi,-92.9391,45.071
815,Dorothea,Raynard,United States,Minnesota,F,41,Mazda,-93.2545,44.9378
816,Shirline,Goodbairn,United States,Minnesota,F,22,Dodge,-93.4719,45.0159
817,Fiorenze,O'Driscole,United States,Minnesota,F,29,Chevrolet,-93.0828,44.9427
818,Dov,Climson,United States,Minnesota,M,19,Buick,-93.4719,45.0159
819,Benoit,Bailles,United States,Minnesota,M,42,Jeep,-93.4719,45.0159
820,Dannye,Gail,United States,Minnesota,F,29,BMW,-93.7665,44.8055
821,Sky,Lauritzen,United States,Minnesota,M,58,Audi,-93.1981,44.968
822,Brietta,Lismer,United States,Minnesota,F,34,Ford,-93.3021,45.1907
823,Lyssa,Capron,United States,Minnesota,F,39,Chevrolet,-93.2361,44.9054
824,Ogden,Illesley,United States,Minnesota,M,43,Audi,-94.5933,45.5289
825,Jessamine,Brawley,United States,Minnesota,F,40,Mazda,-93.1059,45.0059
826,Randal,Barbary,United States,Minnesota,M,46,Mazda,-94.5933,45.5289
827,Allayne,Hellis,United States,Minnesota,M,27,Mazda,-94.5933,45.5289
828,Kala,Luberti,United States,Minnesota,F,47,Subaru,-93.302,45.0242
829,Roxie,Beaves,United States,Minnesota,F,29,Ford,-92.4668,44.0225
830,Kayne,Stump,United States,Minnesota,M,45,Dodge,-92.0946,46.7987
831,Lorita,Betchley,United States,Minnesota,F,60,Mercury,-93.4719,45.0159
832,Mechelle,Segar,United States,Minnesota,F,40,Mitsubishi,-93.1981,44.968
833,Allyn,Senogles,United States,Minnesota,M,45,Oldsmobile,-94.5933,45.5289
834,Sheeree,Abbets,United States,Minnesota,F,30,Hyundai,-93.4193,45.0058
835,Griselda,Kitchingman,United States,Minnesota,F,53,Hyundai,-93.4719,45.0159
836,Leonore,Sangra,United States,Minnesota,F,49,Chevrolet,-94.5933,45.5289
837,Orelia,Camlin,United States,Minnesota,F,34,Lincoln,-93.4719,45.0159
838,Yancey,Barritt,United States,Minnesota,M,39,Nissan,-94.5933,45.5289
839,Xymenes,Bonanno,United States,Minnesota,M,45,Jaguar,-93.4719,45.0159
840,Tabbatha,Donoher,United States,Minnesota,F,45,Buick,-93.4193,45.0058
841,Bathsheba,De La Hay,United States,Minnesota,F,29,Volkswagen,-93.302,45.0242
842,Nikola,Tomashov,United States,Minnesota,M,25,Ford,-93.4719,45.0159
843,Pinchas,Chessman,United States,Minnesota,M,26,Volvo,-93.7665,44.8055
844,Bianca,Cahalan,United States,Minnesota,F,23,Land Rover,-93.4865,45.04
845,Benjamin,Cleobury,United States,Minnesota,M,53,Mercedes-Benz,-93.4193,45.0058
846,Haily,Simoneau,United States,Minnesota,M,60,Mitsubishi,-93.1409,44.806
847,Dionysus,Kitley,United States,Minnesota,M,37,Chevrolet,-93.4719,45.0159
848,Carma,Ripon,United States,Minnesota,F,26,Buick,-93.8881,45.2009
849,Jenn,Curnick,United States,Minnesota,F,44,Lexus,-92.4668,44.0225
850,Ben,Torrance,United States,Minnesota,M,27,Subaru,-93.0828,44.9427
851,Nappy,Sandyfirth,United States,Minnesota,M,24,Bentley,-93.4193,45.0058
852,Em,Dorot,United States,Minnesota,M,26,Lexus,-93.1981,44.968
853,Norbert,Brass,United States,Minnesota,M,31,Chevrolet,-94.5933,45.5289
854,Reena,Bergen,United States,Minnesota,F,25,Mercedes-Benz,-93.4719,45.0159
855,Gauthier,Crockett,United States,Minnesota,M,39,Ford,-93.2361,44.9054
856,Phillip,Darwood,United States,Minnesota,M,51,Plymouth,-93.7665,44.8055
857,Bernice,Newbold,United States,Minnesota,F,59,Honda,-93.1059,45.0059
858,Mark,Heindle,United States,Minnesota,M,30,Audi,-93.4719,45.0159
859,Gennifer,Jumonet,United States,Minnesota,F,60,GMC,-93.0875,45.0803
860,Brnaby,Skehan,United States,Minnesota,M,39,Buick,-93.4719,45.0159
861,Ole,Geake,United States,Minnesota,M,26,Audi,-93.3021,45.1907
862,Dorey,Boulsher,United States,Minnesota,M,55,Ford,-93.8881,45.2009
863,Davie,Hargreves,United States,Minnesota,M,49,Dodge,-93.4719,45.0159
864,Jeana,Gillimgham,United States,Minnesota,F,42,Mazda,-92.0946,46.7987
865,Anne-marie,Barrar,United States,Minnesota,F,33,Jaguar,-93.2759,44.9762
866,Albertina,Kingswood,United States,Minnesota,F,55,Ford,-93.4719,45.0159
867,Germaine,Risdale,United States,Minnesota,F,45,Buick,-93.2361,44.9054
868,Irene,Normanvell,United States,Minnesota,F,34,Lexus,-92.0946,46.7987
869,Melisa,Marham,United States,Minnesota,F,42,Plymouth,-93.7665,44.8055
870,Druci,Ditts,United States,Minnesota,F,28,Toyota,-93.2759,44.9762
871,Raul,Casale,United States,Minnesota,M,51,Dodge,-93.1059,45.0059
872,Emmye,Angelo,United States,Minnesota,F,31,Mercury,-93.1059,45.0059
873,Wilbert,Trorey,United States,Minnesota,M,25,Saab,-93.1409,44.806
874,Juliette,Say,United States,Minnesota,F,41,Dodge,-92.9391,45.071
875,Alicia,Caves,United States,Minnesota,F,45,Chevrolet,-93.1771,44.9806
876,Elonore,Beaglehole,United States,Minnesota,F,29,Buick,-93.1059,45.0059
877,Herbie,Poleykett,United States,Minnesota,M,39,Infiniti,-94.5933,45.5289
878,Zane,Binion,United States,Minnesota,M,31,Chevrolet,-93.0875,45.0803
879,Jabez,Shoorbrooke,United States,Minnesota,M,30,Volkswagen,-92.4668,44.0225
880,Edmon,Guiraud,United States,Minnesota,M,45,Ford,-93.3021,45.1907
881,Theo,Giraudo,United States,Minnesota,F,29,Audi,-93.7665,44.8055
882,Lester,Malam,United States,Minnesota,M,27,Nissan,-93.1059,45.0059
883,Eleanor,Boag,United States,Minnesota,F,31,Chevrolet,-93.3021,45.1907
884,Gerik,Grolle,United States,Minnesota,M,43,Chevrolet,-93.0875,45.0803
885,Constancy,Domeny,United States,Minnesota,F,33,Subaru,-93.4193,45.0058
886,Jacqui,Milch,United States,Minnesota,F,22,Infiniti,-93.374,44.9034
887,Robbie,Roset,United States,Minnesota,F,52,Nissan,-92.1998,46.8147
888,Elfie,Fransinelli,United States,Minnesota,F,38,Nissan,-93.1981,44.968
889,Palm,Pammenter,United States,Minnesota,M,24,Ford,-93.7665,44.8055
890,Quinlan,Yakov,United States,Minnesota,M,25,Lamborghini,-93.4719,45.0159
891,Tabitha,Cariss,United States,Minnesota,F,58,Mitsubishi,-93.2545,44.9378
892,Reinwald,Duplain,United States,Minnesota,M,58,Chevrolet,-93.374,44.9034
893,Kurtis,Battista,United States,Minnesota,M,34,Infiniti,-93.7665,44.8055
894,Boris,Weinmann,United States,Minnesota,M,56,Infiniti,-93.0828,44.9427
895,Jody,Spaughton,United States,Minnesota,M,33,Pontiac,-93.2545,44.9378
896,Dalton,Bernholt,United States,Minnesota,M,34,Chevrolet,-92.9391,45.071
897,Maybelle,Wand,United States,Minnesota,F,30,Lexus,-93.1059,45.0059
898,Cherey,Maddison,United States,Minnesota,F,46,Chevrolet,-93.374,44.9034
899,Licha,Stenson,United States,Minnesota,F,21,Mazda,-93.4719,45.0159
900,Bancroft,Balls,United States,Minnesota,M,56,Lamborghini,-92.0946,46.7987
901,Elvin,Haggath,United States,Minnesota,M,23,Mercedes-Benz,-94.5933,45.5289
902,Erina,Bonny,United States,Minnesota,F,22,BMW,-92.9391,45.071
903,Reynold,Wethey,United States,Minnesota,M,50,Infiniti,-93.4719,45.0159
904,Mallory,Yard,United States,Minnesota,M,19,Infiniti,-93.4719,45.0159
905,Abner,Slocombe,United States,Minnesota,M,40,Volkswagen,-93.1059,45.0059
906,Menard,Mullins,United States,Minnesota,M,57,Ford,-93.0875,45.0803
907,Barrett,McAuslene,United States,Minnesota,M,23,Audi,-93.2361,44.9054
908,Adelbert,Getch,United States,Minnesota,M,53,Audi,-93.3811,45.0632
909,Christie,Wildman,United States,Minnesota,M,28,Kia,-93.0828,44.9427
910,Uriel,Poulson,United States,Minnesota,M,53,Jeep,-93.8881,45.2009
911,Dav,Diehn,United States,Minnesota,M,53,Nissan,-93.1409,44.806
912,Vickie,Joy,United States,Minnesota,F,42,Isuzu,-93.4719,45.0159
913,Davidson,Vannucci,United States,Minnesota,M,24,Mercedes-Benz,-94.5933,45.5289
914,Dorisa,Lawty,United States,Minnesota,F,47,Lexus,-92.4668,44.0225
915,Jere,Fronek,United States,Minnesota,F,48,Mercedes-Benz,-92.9391,45.071
916,Roseanna,Mayworth,United States,Minnesota,F,52,Hyundai,-93.2545,44.9378
917,Lenette,Vardie,United States,Minnesota,F,20,Toyota,-93.7665,44.8055
918,Nydia,Thon,United States,Minnesota,F,34,Volkswagen,-93.1059,45.0059
919,Tulley,Janman,United States,Minnesota,M,49,Cadillac,-93.1059,45.0059
920,Cristine,Kleynermans,United States,Minnesota,F,57,Bentley,-93.8881,45.2009
921,Kellyann,Adamo,United States,Minnesota,F,43,Pontiac,-93.1771,44.9806
922,Clement,Hurll,United States,Minnesota,M,59,Hyundai,-93.2553,44.8756
923,Marley,Holligan,United States,Minnesota,F,52,Toyota,-93.8881,45.2009
924,Moyra,Leece,United States,Minnesota,F,19,Buick,-93.2545,44.9378
925,Morgana,Ivanishin,United States,Minnesota,F,58,Kia,-93.1409,44.806
926,Lyndsey,Trevaskus,United States,Minnesota,F,20,Mitsubishi,-93.374,44.9034
927,Luciano,Barnet,United States,Minnesota,M,20,Volkswagen,-93.2553,44.8756
928,Nessie,Mantram,United States,Minnesota,F,56,Chevrolet,-93.7665,44.8055
929,Livvie,Manson,United States,Minnesota,F,47,Lexus,-93.0875,45.0803
930,Archibaldo,Imison,United States,Minnesota,M,21,Audi,-93.2545,44.9378
931,Frederick,Izaac,United States,Minnesota,M,23,Ford,-93.7665,44.8055
932,Ty,Elster,United States,Minnesota,M,24,Dodge,-93.4719,45.0159
933,Perren,Blaasch,United States,Minnesota,M,45,Ford,-93.2759,44.9762
934,Reider,Gilburt,United States,Minnesota,M,23,Chevrolet,-93.1059,45.0059
935,Rickie,Ainley,United States,Minnesota,M,27,Porsche,-93.1981,44.968
936,Florida,Ferrarone,United States,Minnesota,F,30,GMC,-93.4719,45.0159
937,Gwennie,Grinsdale,United States,Minnesota,F,44,Volkswagen,-92.0946,46.7987
938,Burk,O'Dunniom,United States,Minnesota,M,43,Jeep,-93.1771,44.9806
939,Maura,Bjorkan,United States,Minnesota,F,45,Mitsubishi,-93.0828,44.9427
940,Northrup,Murfin,United States,Minnesota,M,44,Mercury,-93.4865,45.04
941,Lillis,Irdale,United States,Minnesota,F,40,Volvo,-93.374,44.9034
942,Ephrayim,Dwyer,United States,Minnesota,M,47,Toyota,-93.1059,45.0059
943,Anselm,Hengoed,United States,Minnesota,M,24,Dodge,-93.4719,45.0159
944,Laurette,Semonin,United States,Minnesota,F,25,Ford,-93.4719,45.0159
945,Kamilah,Johnikin,United States,Minnesota,F,40,Hyundai,-93.0875,45.0803
946,Em,Perulli,United States,Minnesota,F,37,Toyota,-94.5933,45.5289
947,Marena,Dzenisenka,United States,Minnesota,F,52,Mitsubishi,-93.2361,44.9054
948,Keelby,Sprouls,United States,Minnesota,M,39,Lexus,-93.4719,45.0159
949,Holly-anne,Lainge,United States,Minnesota,F,22,Plymouth,-93.4719,45.0159
950,Nigel,Anglim,United States,Minnesota,M,53,MINI,-93.4719,45.0159
951,Burg,Conaghy,United States,Minnesota,M,18,Volkswagen,-92.1998,46.8147
952,Demetre,Andrassy,United States,Minnesota,M,55,Toyota,-93.0875,45.0803
953,Erda,Sallowaye,United States,Minnesota,F,36,Cadillac,-93.7665,44.8055
954,Joscelin,Klimowicz,United States,Minnesota,F,41,Cadillac,-93.4719,45.0159
955,Eli,Kubes,United States,Minnesota,M,46,Mercury,-93.4719,45.0159
956,Barbie,Kiebes,United States,Minnesota,F,19,Jeep,-93.2361,44.9054
957,Ransell,Athow,United States,Minnesota,M,39,Mitsubishi,-92.9391,45.071
958,Blakeley,Plaskitt,United States,Minnesota,F,36,Jaguar,-93.1771,44.9806
959,Vlad,Laphorn,United States,Minnesota,M,53,Volvo,-94.5933,45.5289
960,Laurette,Shackle,United States,Minnesota,F,34,Cadillac,-93.374,44.9034
961,Ugo,Dumbrall,United States,Minnesota,M,48,Pontiac,-93.2545,44.9378
962,Annadiane,Christaeas,United States,Minnesota,F,57,Ford,-93.1981,44.968
963,Harrie,Alcorn,United States,Minnesota,F,52,Pontiac,-93.2553,44.8756
964,Abeu,Patterfield,United States,Minnesota,M,26,Ford,-92.9391,45.071
965,Lynelle,Matschoss,United States,Minnesota,F,52,Isuzu,-92.9391,45.071
966,Trenton,Hillock,United States,Minnesota,M,41,Infiniti,-93.374,44.9034
967,Sanderson,Cantillon,United States,Minnesota,M,44,Mercedes-Benz,-93.2553,44.8756
968,Syman,Haynesford,United States,Minnesota,M,39,Mercedes-Benz,-93.3811,45.0632
969,Cece,O'Quin,United States,Minnesota,M,26,Toyota,-93.8881,45.2009
970,Marcellus,Varian,United States,Minnesota,M,32,Aptera,-92.9391,45.071
971,Adolphe,Garmans,United States,Minnesota,M,49,Ford,-93.7665,44.8055
972,Paquito,Pauluzzi,United States,Minnesota,M,58,GMC,-93.3021,45.1907
973,Shela,Calleja,United States,Minnesota,F,50,Audi,-93.4719,45.0159
974,Hali,Romeo,United States,Minnesota,F,47,Buick,-93.3021,45.1907
975,Jamil,Christofor,United States,Minnesota,M,19,Chevrolet,-93.8881,45.2009
976,Papageno,Rigate,United States,Minnesota,M,54,Nissan,-93.7665,44.8055
977,Ancell,Press,United States,Minnesota,M,38,Mercury,-93.8881,45.2009
978,Baudoin,Bevan,United States,Minnesota,M,54,Pontiac,-93.1981,44.968
979,Heidie,Lingfoot,United States,Minnesota,F,23,Oldsmobile,-93.4719,45.0159
980,Judon,Godspeede,United States,Minnesota,M,47,Volkswagen,-92.0946,46.7987
981,Letti,Funnell,United States,Minnesota,F,34,Mercedes-Benz,-93.2361,44.9054
982,Aurore,Van der Brug,United States,Minnesota,F,19,Buick,-93.1216,44.9608
983,Hurley,Allibon,United States,Minnesota,M,34,BMW,-93.374,44.9034
984,Zorina,Halpen,United States,Minnesota,F,55,Chrysler,-93.2759,44.9762
985,Lynelle,Pollicatt,United States,Minnesota,F,33,Volkswagen,-93.1216,44.9608
986,Elle,Chilley,United States,Minnesota,F,54,Volvo,-92.9391,45.071
987,Had,Gotecliffe,United States,Minnesota,M,33,Honda,-93.1059,45.0059
988,Antonin,Espinay,United States,Minnesota,M,52,Toyota,-92.9391,45.071
989,Gaspard,O'Howbane,United States,Minnesota,M,48,Buick,-93.4719,45.0159
990,Sauveur,Shimmin,United States,Minnesota,M,23,Kia,-92.1998,46.8147
991,Coop,Aberchirder,United States,Minnesota,M,22,Jaguar,-93.2553,44.8756
992,Antony,Locker,United States,Minnesota,M,37,Mazda,-93.1059,45.0059
993,Ian,Kittiman,United States,Minnesota,M,47,Lexus,-93.2361,44.9054
994,Aron,Toy,United States,Minnesota,M,59,Chevrolet,-93.4719,45.0159
995,Karna,Coltart,United States,Minnesota,F,47,GMC,-92.9391,45.071
996,Kippie,Casiroli,United States,Minnesota,M,46,Mercedes-Benz,-93.0875,45.0803
997,Binni,Kubica,United States,Minnesota,F,53,GMC,-93.4719,45.0159
998,Clayborne,Barber,United States,Minnesota,M,47,GMC,-93.4865,45.04
999,Paulo,Chatan,United States,Minnesota,M,43,Audi,-93.8881,45.2009
1000,Taffy,Tombs,United States,Minnesota,F,32,Mercedes-Benz,-92.4668,44.0225
